DWD classification (ftp structure),,,,,temporal,attribute group,attribute,attribute-comment,aggregation,spatial-aggregation,spatial,unit,temporal-start,temporal-end,prediction,format,compressed,machine-readable,url,url-comment,recent & historical,now,comment
climate_environment,cdc,regional_averages_DE,,,annual,temperature air,air temperature,,mean,areal-mean,"Bundesländer, Deutschland",°C,1881,2019,,csv,,FALSE,https://opendata.dwd.de/climate_environment/CDC/regional_averages_DE/annual/air_temperature_mean/regional_averages_tm_year.txt,,,,
climate_environment,cdc,regional_averages_DE,,,annual,days - frost,frost days,,count,areal-mean,"Bundesländer, Deutschland",days,1951,2019,,csv,,FALSE,https://opendata.dwd.de/climate_environment/CDC/regional_averages_DE/annual/frost_days/regional_averages_tnas_year.txt,,,,
climate_environment,cdc,regional_averages_DE,,,annual,days - hot,hot days,,count,areal-mean,"Bundesländer, Deutschland",days,1951,2019,,csv,,FALSE,https://opendata.dwd.de/climate_environment/CDC/regional_averages_DE/annual/hot_days/regional_averages_txbs_year.txt,,,,
climate_environment,cdc,regional_averages_DE,,,annual,days - ice,ice days,,count,areal-mean,"Bundesländer, Deutschland",days,1951,2019,,csv,,FALSE,https://opendata.dwd.de/climate_environment/CDC/regional_averages_DE/annual/ice_days/regional_averages_txcs_year.txt,,,,
climate_environment,cdc,regional_averages_DE,,,annual,precipitation,precipitation - 10mm - days,,count,areal-mean,"Bundesländer, Deutschland",days,1951,2019,,csv,,FALSE,https://opendata.dwd.de/climate_environment/CDC/regional_averages_DE/annual/precipGE10mm_days/regional_averages_rrsfs_year.txt,,,,
climate_environment,cdc,regional_averages_DE,,,annual,precipitation,precipitation - 20mm - days,,count,areal-mean,"Bundesländer, Deutschland",days,1951,2019,,csv,,FALSE,https://opendata.dwd.de/climate_environment/CDC/regional_averages_DE/annual/precipGE20mm_days/regional_averages_rrsgs_year.txt,,,,
climate_environment,cdc,regional_averages_DE,,,annual,precipitation,precipitation,,sum,areal-mean,"Bundesländer, Deutschland",mm,1881,2019,,csv,,FALSE,https://opendata.dwd.de/climate_environment/CDC/regional_averages_DE/annual/precipitation/regional_averages_rr_year.txt,,,,
climate_environment,cdc,regional_averages_DE,,,annual,days - summer,summer days,,count,areal-mean,"Bundesländer, Deutschland",days,1951,2019,,csv,,FALSE,https://opendata.dwd.de/climate_environment/CDC/regional_averages_DE/annual/summer_days/regional_averages_txas_year.txt,,,,
climate_environment,cdc,regional_averages_DE,,,annual,sunshine,sunshine duration,,sum,areal-mean,"Bundesländer, Deutschland",hours,1951,2019,,csv,,FALSE,https://opendata.dwd.de/climate_environment/CDC/regional_averages_DE/annual/sunshine_duration/regional_averages_sd_year.txt,,,,
climate_environment,cdc,regional_averages_DE,,,monthly,temperature air,air temperature,,mean,areal-mean,"Bundesländer, Deutschland",°C,1881,2020,,csv,,FALSE,https://opendata.dwd.de/climate_environment/CDC/regional_averages_DE/monthly/air_temperature_mean/regional_averages_tm_01.txt,two-digit month at the end,,,
climate_environment,cdc,regional_averages_DE,,,monthly,precipitation,precipitation,,sum,areal-mean,"Bundesländer, Deutschland",mm,1881,2020,,csv,,FALSE,https://opendata.dwd.de/climate_environment/CDC/regional_averages_DE/monthly/precipitation/regional_averages_rr_01.txt,two-digit month at the end,,,
climate_environment,cdc,regional_averages_DE,,,monthly,sunshine,sunshine duration,,sum,areal-mean,"Bundesländer, Deutschland",hours,1951,2020,,csv,,FALSE,https://opendata.dwd.de/climate_environment/CDC/regional_averages_DE/monthly/sunshine_duration/regional_averages_sd_01.txt,two-digit month at the end,,,
climate_environment,cdc,regional_averages_DE,,,seasonal,temperature air,air temperature,,mean,areal-mean,"Bundesländer, Deutschland",°C,1881,2020,,csv,,FALSE,https://opendata.dwd.de/climate_environment/CDC/regional_averages_DE/seasonal/air_temperature_mean/regional_averages_tm_autumn.txt,"autumn, spring, summer, winter at the end",,,
climate_environment,cdc,regional_averages_DE,,,seasonal,precipitation,precipitation,,sum,areal-mean,"Bundesländer, Deutschland",mm,1881,2020,,csv,,FALSE,https://opendata.dwd.de/climate_environment/CDC/regional_averages_DE/seasonal/precipitation/regional_averages_rr_autumn.txt,"autumn, spring, summer, winter at the end",,,
climate_environment,cdc,regional_averages_DE,,,seasonal,sunshine,sunshine duration,,sum,areal-mean,"Bundesländer, Deutschland",hours,1951,2020,,csv,,FALSE,https://opendata.dwd.de/climate_environment/CDC/regional_averages_DE/seasonal/sunshine_duration/regional_averages_sd_autumn.txt,"autumn, spring, summer, winter at the end",,,
climate_environment,cdc,observations_global,CLIMAT,qc,monthly,temperature air,air temperature,,absolute max,,Station,°C,1961,2020,,csv,,TRUE,https://opendata.dwd.de/climate_environment/CDC/observations_global/CLIMAT/monthly/qc/air_temperature_absolute_max/recent/01001_201401_201812.txt,STATIONID_STARTDATE_ENDDATE.txt,TRUE,,"temporal extent depends on station, station table: https://opendata.dwd.de/climate_environment/CDC/help/stations_list_CLIMAT_data.txt"
climate_environment,cdc,observations_global,CLIMAT,qc,monthly,temperature air,air temperature,,absolute min,,Station,°C,1961,2020,,csv,,TRUE,https://opendata.dwd.de/climate_environment/CDC/observations_global/CLIMAT/monthly/qc/air_temperature_absolute_min/recent/01001_201401_201812.txt,STATIONID_STARTDATE_ENDDATE.txt,TRUE,,"temporal extent depends on station, station table: https://opendata.dwd.de/climate_environment/CDC/help/stations_list_CLIMAT_data.txt"
climate_environment,cdc,observations_global,CLIMAT,qc,monthly,temperature air,air temperature,,mean,,Station,°C,1961,2020,,csv,,TRUE,https://opendata.dwd.de/climate_environment/CDC/observations_global/CLIMAT/monthly/qc/air_temperature_mean/historical/01001_192201_201412.txt,STATIONID_STARTDATE_ENDDATE.txt,TRUE,,"temporal extent depends on station, station table: https://opendata.dwd.de/climate_environment/CDC/help/stations_list_CLIMAT_data.txt"
climate_environment,cdc,observations_global,CLIMAT,qc,monthly,temperature air,air temperature,,mean daily max,,Station,°C,1961,2020,,csv,,TRUE,https://opendata.dwd.de/climate_environment/CDC/observations_global/CLIMAT/monthly/qc/air_temperature_mean_of_daily_max/historical/01001_195101_201412.txt,STATIONID_STARTDATE_ENDDATE.txt,TRUE,,"temporal extent depends on station, station table: https://opendata.dwd.de/climate_environment/CDC/help/stations_list_CLIMAT_data.txt"
climate_environment,cdc,observations_global,CLIMAT,qc,monthly,temperature air,air temperature,,mean daily min,,Station,°C,1961,2020,,csv,,TRUE,https://opendata.dwd.de/climate_environment/CDC/observations_global/CLIMAT/monthly/qc/air_temperature_mean_of_daily_min/historical/01001_192109_201412.txt,STATIONID_STARTDATE_ENDDATE.txt,TRUE,,"temporal extent depends on station, station table: https://opendata.dwd.de/climate_environment/CDC/help/stations_list_CLIMAT_data.txt"
climate_environment,cdc,observations_global,CLIMAT,qc,monthly,pressure,sea level pressure,,mean,,Station,hPa,1961,2020,,csv,,TRUE,https://opendata.dwd.de/climate_environment/CDC/observations_global/CLIMAT/monthly/qc/mean_sea_level_pressure/historical/01001_195101_201412.txt,STATIONID_STARTDATE_ENDDATE.txt,TRUE,,"temporal extent depends on station, station table: https://opendata.dwd.de/climate_environment/CDC/help/stations_list_CLIMAT_data.txt"
climate_environment,cdc,observations_global,CLIMAT,qc,monthly,precipitation,precipitation >=1mm days,,count,,Station,days,1961,2020,,csv,,TRUE,https://opendata.dwd.de/climate_environment/CDC/observations_global/CLIMAT/monthly/qc/precipGE1mm_days/recent/01001_201401_201812.txt,STATIONID_STARTDATE_ENDDATE.txt,TRUE,,"temporal extent depends on station, station table: https://opendata.dwd.de/climate_environment/CDC/help/stations_list_CLIMAT_data.txt"
climate_environment,cdc,observations_global,CLIMAT,qc,monthly,precipitation,precipitation,,sum,,Station,mm,1961,2020,,csv,,TRUE,https://opendata.dwd.de/climate_environment/CDC/observations_global/CLIMAT/monthly/qc/precipitation_total/recent/01001_201401_201812.txt,STATIONID_STARTDATE_ENDDATE.txt,TRUE,,"temporal extent depends on station, station table: https://opendata.dwd.de/climate_environment/CDC/help/stations_list_CLIMAT_data.txt"
climate_environment,cdc,observations_global,CLIMAT,qc,monthly,sunshine,sunshine duration,,sum,,Station,hours,1961,2020,,csv,,TRUE,https://opendata.dwd.de/climate_environment/CDC/observations_global/CLIMAT/monthly/qc/sunshine_duration/recent/97790_201801_202002.txt,STATIONID_STARTDATE_ENDDATE.txt,TRUE,,"temporal extent depends on station, station table: https://opendata.dwd.de/climate_environment/CDC/help/stations_list_CLIMAT_data.txt"
climate_environment,cdc,observations_global,CLIMAT,qc,monthly,pressure,vapour pressure,,mean,,Station,hPa,1961,2020,,csv,,TRUE,https://opendata.dwd.de/climate_environment/CDC/observations_global/CLIMAT/monthly/qc/vapour_pressure/recent/01001_201401_201812.txt,STATIONID_STARTDATE_ENDDATE.txt,TRUE,,"temporal extent depends on station, station table: https://opendata.dwd.de/climate_environment/CDC/help/stations_list_CLIMAT_data.txt"
climate_environment,cdc,observations_global,CLIMAT,raw,monthly,collection,collection,,,,Station,,2003-03,2020-05,,csv,,TRUE,https://opendata.dwd.de/climate_environment/CDC/observations_global/CLIMAT/monthly/raw/CLIMAT_RAW_200303.txt,YYYYMM,,,"columns see: https://opendata.dwd.de/climate_environment/CDC/observations_global/CLIMAT/monthly/raw/BESCHREIBUNG_obsglobal_monthly_raw_de.pdf, station table: https://opendata.dwd.de/climate_environment/CDC/help/stations_list_CLIMAT_data.txt"
climate_environment,cdc,observations_global,CLIMAT,raw,multi-annual,temperature air,air temperature,,mean,,Station,°C,1961,1990,,csv,,TRUE,https://opendata.dwd.de/climate_environment/CDC/observations_global/CLIMAT/multi_annual/air_temperature_mean/1961_1990.txt,,,,
climate_environment,cdc,observations_global,CLIMAT,raw,multi-annual,temperature air,air temperature,,mean daily max,,Station,°C,1961,1990,,csv,,TRUE,https://opendata.dwd.de/climate_environment/CDC/observations_global/CLIMAT/multi_annual/air_temperature_mean_of_daily_max/1961_1990.txt,,,,
climate_environment,cdc,observations_global,CLIMAT,raw,multi-annual,temperature air,air temperature,,mean daily min,,Station,°C,1961,1990,,csv,,TRUE,https://opendata.dwd.de/climate_environment/CDC/observations_global/CLIMAT/multi_annual/air_temperature_mean_of_daily_min/1961_1990.txt,,,,
climate_environment,cdc,observations_global,CLIMAT,raw,multi-annual,pressure,sea level pressure,,mean,,Station,hPa,1961,1990,,csv,,TRUE,https://opendata.dwd.de/climate_environment/CDC/observations_global/CLIMAT/multi_annual/mean_sea_level_pressure/1961_1990.txt,,,,
climate_environment,cdc,observations_global,CLIMAT,raw,multi-annual,precipitation,precipitation,,,,Station,mm,1961,1990,,csv,,TRUE,https://opendata.dwd.de/climate_environment/CDC/observations_global/CLIMAT/multi_annual/precipitation_total/1961_1990.txt,,,,
climate_environment,cdc,observations_global,CLIMAT,raw,multi-annual,sunshine,sunshine duration,,,,Station,hours,1961,1990,,csv,,TRUE,https://opendata.dwd.de/climate_environment/CDC/observations_global/CLIMAT/multi_annual/sunshine_duration/1961_1990.txt,,,,
climate_environment,cdc,observations_germany,climate,,10 minutes,collection,"{ ""PP_10"": ""Luftdruck auf Stationshöhe"", ""TT_10"": ""Lufttemperatur in 2m Höhe"", ""TM5_10"": ""Lufttemperatur 5cm Höhe"", ""RF_10"": ""relative Feuchte in 2m Höhe"", ""TD_10"": ""Taupunkttemperatur in 2m Höhe"" }",,,,Station,"{ ""PP_10"": ""hPa"", ""TT_10"": ""°C"", ""TM5_10"": ""°C"", ""RF_10"": ""%"", ""TD_10"": ""°C"" }",1991,2020,,csv,TRUE,TRUE,https://opendata.dwd.de/climate_environment/CDC/observations_germany/climate/10_minutes/air_temperature/recent/10minutenwerte_TU_00044_akt.zip,Station ID,TRUE,TRUE,"station ids and locations, https://opendata.dwd.de/climate_environment/CDC/observations_germany/climate/10_minutes/air_temperature/recent/zehn_min_tu_Beschreibung_Stationen.txt"
climate_environment,cdc,observations_germany,climate,,10 minutes,extreme temperature,extreme temperature,,,,Station,,1991,2020,,csv,TRUE,TRUE,,Station ID,TRUE,TRUE,
climate_environment,cdc,observations_germany,climate,,10 minutes,extreme wind,extreme wind,,,,Station,,1991,2020,,csv,TRUE,TRUE,,Station ID,TRUE,TRUE,
climate_environment,cdc,observations_germany,climate,,10 minutes,precipitation,precipitation,,,,Station,mm,1991,2020,,csv,TRUE,TRUE,,Station ID,TRUE,TRUE,
climate_environment,cdc,observations_germany,climate,,10 minutes,solar,solar,,,,Station,,1991,2020,,csv,TRUE,TRUE,,Station ID,TRUE,TRUE,
climate_environment,cdc,observations_germany,climate,,10 minutes,wind,wind,,,,Station,,1991,2020,,csv,TRUE,TRUE,,Station ID,TRUE,TRUE,
climate_environment,cdc,observations_germany,climate,,10 minutes,wind,wind test,,,,Station,,2010,2020,,csv,TRUE,TRUE,,Station ID,TRUE,TRUE,
climate_environment,cdc,observations_germany,climate,,1 minute,precipitation,precipitation,,,,Station,mm,,2020,,csv,TRUE,TRUE,https://opendata.dwd.de/climate_environment/CDC/observations_germany/climate/1_minute/precipitation/recent/1minutenwerte_nieder_00020_akt.zip,Station ID,TRUE,TRUE,"station ids and locations, https://opendata.dwd.de/climate_environment/CDC/observations_germany/climate/1_minute/precipitation/recent/ein_min_rr_stationsliste.txt"
climate_environment,cdc,observations_germany,climate,,hourly,temperature air,air temperature,,,,Station,°C,1893,2020,,csv,TRUE,TRUE,https://opendata.dwd.de/climate_environment/CDC/observations_germany/climate/hourly/air_temperature/recent/stundenwerte_TU_00044_akt.zip,Station ID,TRUE,,"temporal extent depends on station, station table: https://opendata.dwd.de/climate_environment/CDC/observations_germany/climate/hourly/air_temperature/historical/TU_Stundenwerte_Beschreibung_Stationen.txt"
climate_environment,cdc,observations_germany,climate,,hourly,clouds,cloud types,,,,Station,coud type,1949,2020,,csv,TRUE,TRUE,https://opendata.dwd.de/climate_environment/CDC/observations_germany/climate/hourly/cloud_type/recent/stundenwerte_CS_00096_akt.zip,Station ID,TRUE,,"temporal extent depends on station, station table: https://opendata.dwd.de/climate_environment/CDC/observations_germany/climate/hourly/cloud_type/recent/CS_Stundenwerte_Beschreibung_Stationen.txt"
climate_environment,cdc,observations_germany,climate,,hourly,clouds,cloudiness,,,,Station,coverage rate,1949,2020,,csv,TRUE,TRUE,https://opendata.dwd.de/climate_environment/CDC/observations_germany/climate/hourly/cloudiness/recent/stundenwerte_N_00096_akt.zip,Station ID,TRUE,,"temporal extent depends on station, station table: https://opendata.dwd.de/climate_environment/CDC/observations_germany/climate/hourly/cloudiness/recent/N_Stundenwerte_Beschreibung_Stationen.txt"
climate_environment,cdc,observations_germany,climate,,hourly,dew point,dew point,,,,Station,,,2020,,csv,TRUE,TRUE,https://opendata.dwd.de/climate_environment/CDC/observations_germany/climate/hourly/dew_point/recent/stundenwerte_TD_00044_akt.zip,Station ID,TRUE,,"temporal extent depends on station, station table: https://opendata.dwd.de/climate_environment/CDC/observations_germany/climate/hourly/dew_point/recent/TD_Stundenwerte_Beschreibung_Stationen.txt"
climate_environment,cdc,observations_germany,climate,,hourly,precipitation,precipitation,,,,Station,mm,1995,2020,,csv,TRUE,TRUE,https://opendata.dwd.de/climate_environment/CDC/observations_germany/climate/hourly/precipitation/recent/stundenwerte_RR_00020_akt.zip,Station ID,TRUE,,"temporal extent depends on station, station table: https://opendata.dwd.de/climate_environment/CDC/observations_germany/climate/hourly/precipitation/recent/RR_Stundenwerte_Beschreibung_Stationen.txt"
climate_environment,cdc,observations_germany,climate,,hourly,pressure,pressure,,,,Station,hPa,1949,2020,,csv,TRUE,TRUE,https://opendata.dwd.de/climate_environment/CDC/observations_germany/climate/hourly/pressure/recent/stundenwerte_P0_00071_akt.zip,Station ID,TRUE,,"temporal extent depends on station, station table: https://opendata.dwd.de/climate_environment/CDC/observations_germany/climate/hourly/pressure/recent/P0_Stundenwerte_Beschreibung_Stationen.txt"
climate_environment,cdc,observations_germany,climate,,hourly,temperature soil,soil temperature,,,,Station,°C,1949,2020,,csv,TRUE,TRUE,https://opendata.dwd.de/climate_environment/CDC/observations_germany/climate/hourly/soil_temperature/recent/stundenwerte_EB_00044_akt.zip,Station ID,TRUE,,"temporal extent depends on station, station table: https://opendata.dwd.de/climate_environment/CDC/observations_germany/climate/hourly/soil_temperature/recent/EB_Stundenwerte_Beschreibung_Stationen.txt"
climate_environment,cdc,observations_germany,climate,,hourly,solar,solar,,,,Station,J/cm^2,1937,2020,,csv,TRUE,TRUE,https://opendata.dwd.de/climate_environment/CDC/observations_germany/climate/hourly/solar/stundenwerte_ST_00183_row.zip,Station ID,TRUE,,"temporal extent depends on station, station table: https://opendata.dwd.de/climate_environment/CDC/observations_germany/climate/hourly/solar/ST_Stundenwerte_Beschreibung_Stationen.txt"
climate_environment,cdc,observations_germany,climate,,hourly,sunshine,sunshine duration,,,,Station,min,1893,2020,,csv,TRUE,TRUE,https://opendata.dwd.de/climate_environment/CDC/observations_germany/climate/hourly/sun/recent/stundenwerte_SD_00044_akt.zip,Station ID,TRUE,,"temporal extent depends on station, station table: https://opendata.dwd.de/climate_environment/CDC/observations_germany/climate/hourly/sun/recent/SD_Stundenwerte_Beschreibung_Stationen.txt"
climate_environment,cdc,observations_germany,climate,,hourly,visibility,visibility,,,,Station,m,1949,2020,,csv,TRUE,TRUE,https://opendata.dwd.de/climate_environment/CDC/observations_germany/climate/hourly/visibility/recent/stundenwerte_VV_00096_akt.zip,Station ID,TRUE,,"temporal extent depends on station, station table: https://opendata.dwd.de/climate_environment/CDC/observations_germany/climate/hourly/visibility/recent/VV_Stundenwerte_Beschreibung_Stationen.txt"
climate_environment,cdc,observations_germany,climate,,hourly,wind,wind,,,,Station,"m/s, Grad",1893,2020,,csv,TRUE,TRUE,https://opendata.dwd.de/climate_environment/CDC/observations_germany/climate/hourly/wind/recent/stundenwerte_FF_00011_akt.zip,Station ID,TRUE,,"temporal extent depends on station, station table: https://opendata.dwd.de/climate_environment/CDC/observations_germany/climate/hourly/wind/recent/FF_Stundenwerte_Beschreibung_Stationen.txt"
climate_environment,cdc,observations_germany,climate,,hourly,wind,wind synop,,,,Station,,1893,2020,,csv,TRUE,TRUE,https://opendata.dwd.de/climate_environment/CDC/observations_germany/climate/hourly/wind_synop/recent/stundenwerte_F_00011_akt.zip,Station ID,TRUE,,"temporal extent depends on station, station table: https://opendata.dwd.de/climate_environment/CDC/observations_germany/climate/hourly/wind_synop/recent/F_Stundenwerte_Beschreibung_Stationen.txt"
climate_environment,cdc,observations_germany,climate,,daily,collection,kl (collection),,,,Station,collection,1781,2020,,csv,TRUE,TRUE,https://opendata.dwd.de/climate_environment/CDC/observations_germany/climate/daily/kl/historical/tageswerte_KL_00001_19370101_19860630_hist.zip,Station ID,TRUE,,"temporal extent depends on station, station table: https://opendata.dwd.de/climate_environment/CDC/observations_germany/climate/daily/kl/historical/KL_Tageswerte_Beschreibung_Stationen.txt"
climate_environment,cdc,observations_germany,climate,,daily,precipitation,precipitation type,,,,Station,precipitation type,1781,2020,,csv,TRUE,TRUE,https://opendata.dwd.de/climate_environment/CDC/observations_germany/climate/daily/more_precip/historical/tageswerte_RR_00001_19120101_19860630_hist.zip,Station ID,TRUE,,"temporal extent depends on station, station table: https://opendata.dwd.de/climate_environment/CDC/observations_germany/climate/daily/more_precip/historical/RR_Tageswerte_Beschreibung_Stationen.txt"
climate_environment,cdc,observations_germany,climate,,daily,temperature soil,soil temperature,,,,Station,°C,1949,2020,,csv,TRUE,TRUE,https://opendata.dwd.de/climate_environment/CDC/observations_germany/climate/daily/soil_temperature/historical/tageswerte_EB_00003_19510101_20110331_hist.zip,Station ID,TRUE,,"temporal extent depends on station, station table: https://opendata.dwd.de/climate_environment/CDC/observations_germany/climate/daily/soil_temperature/historical/EB_Tageswerte_Beschreibung_Stationen.txt"
climate_environment,cdc,observations_germany,climate,,daily,solar,solar,,,,Station,J/cm^2,1937,2020,,csv,TRUE,TRUE,https://opendata.dwd.de/climate_environment/CDC/observations_germany/climate/daily/solar/tageswerte_ST_00183_row.zip,Station ID,,,"temporal extent depends on station, station table: https://opendata.dwd.de/climate_environment/CDC/observations_germany/climate/daily/solar/ST_Tageswerte_Beschreibung_Stationen.txt"
climate_environment,cdc,observations_germany,climate,,daily,snow,snow,,,,Station,"cm,mm",1927,2020,,csv,TRUE,TRUE,https://opendata.dwd.de/climate_environment/CDC/observations_germany/climate/daily/water_equiv/historical/tageswerte_Wa_00001_19370130_19580125_hist.zip,Station ID,TRUE,,"temporal extent depends on station, station table: https://opendata.dwd.de/climate_environment/CDC/observations_germany/climate/daily/water_equiv/historical/Wa_Tageswerte_Beschreibung_Stationen.txt"
climate_environment,cdc,observations_germany,climate,,daily,weather phenomena,weather phenomena,,,,Station,weather phenomena,1891,2020,,csv,TRUE,TRUE,https://opendata.dwd.de/climate_environment/CDC/observations_germany/climate/daily/weather_phenomena/historical/wetter_tageswerte_00001_19370101_19860630_hist.zip,Station ID,TRUE,,"temporal extent depends on station, station table: https://opendata.dwd.de/climate_environment/CDC/observations_germany/climate/daily/weather_phenomena/historical/wetter_tageswerte_Beschreibung_Stationen.txt"
climate_environment,cdc,observations_germany,climate,,monthly,weather phenomena,weather phenomena,,,,Station,weather phenomena,1891,2020,,csv,TRUE,TRUE,https://opendata.dwd.de/climate_environment/CDC/observations_germany/climate/monthly/weather_phenomena/historical/wetter_monatswerte_00001_19370101_19860630_hist.zip,Station ID,TRUE,,"temporal extent depends on station, station table: https://opendata.dwd.de/climate_environment/CDC/observations_germany/climate/monthly/weather_phenomena/recent/wetter_monatswerte_Beschreibung_Stationen.txt"
climate_environment,cdc,observations_germany,climate,,monthly,collection,kl (collection),,,,Station,collection,1781,2020,,csv,TRUE,TRUE,https://opendata.dwd.de/climate_environment/CDC/observations_germany/climate/monthly/kl/historical/monatswerte_KL_00001_19310101_19860630_hist.zip,Station ID,TRUE,,"temporal extent depends on station, station table: https://opendata.dwd.de/climate_environment/CDC/observations_germany/climate/monthly/kl/historical/KL_Monatswerte_Beschreibung_Stationen.txt"
climate_environment,cdc,observations_germany,climate,,monthly,precipitation,precipitation type,,,,Station,precipitation type,1781,2020,,csv,TRUE,TRUE,https://opendata.dwd.de/climate_environment/CDC/observations_germany/climate/monthly/more_precip/historical/monatswerte_RR_00001_18910101_19860630_hist.zip,Station ID,TRUE,,"temporal extent depends on station, station table: https://opendata.dwd.de/climate_environment/CDC/observations_germany/climate/monthly/more_precip/historical/RR_Monatswerte_Beschreibung_Stationen.txt"
climate_environment,cdc,observations_germany,climate,,annual,collection,kl (collection),,,,Station,collection,1851,2020,,csv,TRUE,TRUE,https://opendata.dwd.de/climate_environment/CDC/observations_germany/climate/annual/kl/historical/jahreswerte_KL_00001_19310101_19851231_hist.zip,Station ID,TRUE,,"temporal extent depends on station, station table: https://opendata.dwd.de/climate_environment/CDC/observations_germany/climate/annual/kl/historical/KL_Jahreswerte_Beschreibung_Stationen.txt"
climate_environment,cdc,observations_germany,climate,,annual,precipitation,precipitation type,,,,Station,precipitation type,1891,2020,,csv,TRUE,TRUE,https://opendata.dwd.de/climate_environment/CDC/observations_germany/climate/annual/more_precip/historical/jahreswerte_RR_00001_18910101_19851231_hist.zip,Station ID,TRUE,,"temporal extent depends on station, station table: https://opendata.dwd.de/climate_environment/CDC/observations_germany/climate/annual/more_precip/historical/RR_Jahreswerte_Beschreibung_Stationen.txt"
climate_environment,cdc,observations_germany,climate,,annual,weather phenomena,weather phenomena,,,,Station,weather phenomena,1891,2020,,csv,TRUE,TRUE,https://opendata.dwd.de/climate_environment/CDC/observations_germany/climate/annual/weather_phenomena/historical/wetter_jahreswerte_00001_19370101_19860630_hist.zip,Station ID,TRUE,,"temporal extent depends on station, station table: https://opendata.dwd.de/climate_environment/CDC/observations_germany/climate/annual/weather_phenomena/historical/wetter_jahreswerte_Beschreibung_Stationen.txt"
climate_environment,cdc,observations_germany,climate,,multi-annual,days - ice,ice days,,count,,Station,days,1961,1990,,csv,,TRUE,https://opendata.dwd.de/climate_environment/CDC/observations_germany/climate/multi_annual/mean_61-90/Eistage_1961-1990_festerStandort.txt,,,,"temporal extent depends on station, station table: https://opendata.dwd.de/climate_environment/CDC/observations_germany/climate/multi_annual/mean_61-90/Eistage_1961-1990_Stationsliste_festerStandort.txt"
climate_environment,cdc,observations_germany,climate,,multi-annual,days - frost,frost days,,count,,Station,days,1961,1990,,csv,,TRUE,https://opendata.dwd.de/climate_environment/CDC/observations_germany/climate/multi_annual/mean_61-90/Frosttage_1961-1990_festerStandort.txt,,,,"temporal extent depends on station, station table: https://opendata.dwd.de/climate_environment/CDC/observations_germany/climate/multi_annual/mean_61-90/Frosttage_1961-1990_Stationsliste_festerStandort.txt"
climate_environment,cdc,observations_germany,climate,,multi-annual,days - hot,hot days,,count,,Station,days,1961,1990,,csv,,TRUE,https://opendata.dwd.de/climate_environment/CDC/observations_germany/climate/multi_annual/mean_61-90/Heissetage_1961-1990_festerStandort.txt,,,,"temporal extent depends on station, station table: https://opendata.dwd.de/climate_environment/CDC/observations_germany/climate/multi_annual/mean_61-90/Heissetage_1961-1990_Stationsliste_festerStandort.txt"
climate_environment,cdc,observations_germany,climate,,multi-annual,precipitation,precipitation,,sum,,Station,mm,1961,1990,,csv,,TRUE,https://opendata.dwd.de/climate_environment/CDC/observations_germany/climate/multi_annual/mean_61-90/Niederschlag_1961-1990_festerStandort.txt,,,,"temporal extent depends on station, station table: https://opendata.dwd.de/climate_environment/CDC/observations_germany/climate/multi_annual/mean_61-90/Niederschlag_1961-1990_Stationsliste_festerStandort.txt"
climate_environment,cdc,observations_germany,climate,,multi-annual,days - summer,summer days,,count,,Station,days,1961,1990,,csv,,TRUE,https://opendata.dwd.de/climate_environment/CDC/observations_germany/climate/multi_annual/mean_61-90/Sommertage_1961-1990_festerStandort.txt,,,,"temporal extent depends on station, station table: https://opendata.dwd.de/climate_environment/CDC/observations_germany/climate/multi_annual/mean_61-90/Sommertage_1961-1990_Stationsliste_festerStandort.txt"
climate_environment,cdc,observations_germany,climate,,multi-annual,sunshine,sunshine duration,,sum,,Station,hours,1961,1990,,csv,,TRUE,https://opendata.dwd.de/climate_environment/CDC/observations_germany/climate/multi_annual/mean_61-90/Sonnenscheindauer_1961-1990_festerStandort.txt,,,,"temporal extent depends on station, station table: https://opendata.dwd.de/climate_environment/CDC/observations_germany/climate/multi_annual/mean_61-90/Sonnenscheindauer_1961-1990_Stationsliste_festerStandort.txt"
climate_environment,cdc,observations_germany,climate,,multi-annual,temperature air,air temperature,,mean,,Station,°C,1961,1990,,csv,,TRUE,https://opendata.dwd.de/climate_environment/CDC/observations_germany/climate/multi_annual/mean_61-90/Temperatur_1961-1990_festerStandort.txt,,,,"temporal extent depends on station, station table: https://opendata.dwd.de/climate_environment/CDC/observations_germany/climate/multi_annual/mean_61-90/Temperatur_1961-1990_Stationsliste_festerStandort.txt"
climate_environment,cdc,observations_germany,climate,,multi-annual,days - ice,ice days,,count,,Station,days,1971,2000,,csv,,TRUE,,,,,
climate_environment,cdc,observations_germany,climate,,multi-annual,days - frost,frost days,,count,,Station,days,1971,2000,,csv,,TRUE,,,,,
climate_environment,cdc,observations_germany,climate,,multi-annual,days - hot,hot days,,count,,Station,days,1971,2000,,csv,,TRUE,,,,,
climate_environment,cdc,observations_germany,climate,,multi-annual,precipitation,precipitation,,sum,,Station,mm,1971,2000,,csv,,TRUE,,,,,
climate_environment,cdc,observations_germany,climate,,multi-annual,days - summer,summer days,,count,,Station,days,1971,2000,,csv,,TRUE,,,,,
climate_environment,cdc,observations_germany,climate,,multi-annual,sunshine,sunshine duration,,sum,,Station,hours,1971,2000,,csv,,TRUE,,,,,
climate_environment,cdc,observations_germany,climate,,multi-annual,temperature air,air temperature,,mean,,Station,°C,1971,2000,,csv,,TRUE,,,,,
climate_environment,cdc,observations_germany,climate,,multi-annual,days - ice,ice days,,count,,Station,days,1981,2010,,csv,,TRUE,,,,,
climate_environment,cdc,observations_germany,climate,,multi-annual,days - frost,frost days,,count,,Station,days,1981,2010,,csv,,TRUE,,,,,
climate_environment,cdc,observations_germany,climate,,multi-annual,days - hot,hot days,,count,,Station,days,1981,2010,,csv,,TRUE,,,,,
climate_environment,cdc,observations_germany,climate,,multi-annual,precipitation,precipitation,,sum,,Station,mm,1981,2010,,csv,,TRUE,,,,,
climate_environment,cdc,observations_germany,climate,,multi-annual,days - summer,summer days,,count,,Station,days,1981,2010,,csv,,TRUE,,,,,
climate_environment,cdc,observations_germany,climate,,multi-annual,sunshine,sunshine duration,,sum,,Station,hours,1981,2010,,csv,,TRUE,,,,,
climate_environment,cdc,observations_germany,climate,,multi-annual,temperature air,air temperature,,mean,,Station,°C,1981,2010,,csv,,TRUE,,,,,
climate_environment,cdc,observations_germany,climate,,sub-daily,temperature air,air temperature,,mean,,Station,°C,1891,2020,,csv,TRUE,TRUE,https://opendata.dwd.de/climate_environment/CDC/observations_germany/climate/subdaily/air_temperature/historical/terminwerte_TU_00001_19370101_19860630_hist.zip,,TRUE,,https://opendata.dwd.de/climate_environment/CDC/observations_germany/climate/subdaily/air_temperature/historical/TU_Terminwerte_Beschreibung_Stationen.txt
climate_environment,cdc,observations_germany,climate,,sub-daily,clouds,cloudiness,,,,Station,,,,,csv,TRUE,TRUE,https://opendata.dwd.de/climate_environment/CDC/observations_germany/climate/subdaily/cloudiness/historical/terminwerte_N_00001_19370101_19860630_hist.zip,,TRUE,,https://opendata.dwd.de/climate_environment/CDC/observations_germany/climate/subdaily/cloudiness/historical/N_Terminwerte_Beschreibung_Stationen.txt
climate_environment,cdc,observations_germany,climate,,sub-daily,moisture air,moisture,,,,Station,,,,,csv,TRUE,TRUE,https://opendata.dwd.de/climate_environment/CDC/observations_germany/climate/subdaily/moisture/historical/terminwerte_TF_00001_19550801_19860630_hist.zip,,TRUE,,https://opendata.dwd.de/climate_environment/CDC/observations_germany/climate/subdaily/moisture/historical/TF_Terminwerte_Beschreibung_Stationen.txt
climate_environment,cdc,observations_germany,climate,,sub-daily,pressure,pressure,,,,Station,,,,,csv,TRUE,TRUE,https://opendata.dwd.de/climate_environment/CDC/observations_germany/climate/subdaily/pressure/historical/terminwerte_PP_00003_19040101_20110331_hist.zip,,TRUE,,https://opendata.dwd.de/climate_environment/CDC/observations_germany/climate/subdaily/pressure/historical/PP_Terminwerte_Beschreibung_Stationen.txt
climate_environment,cdc,observations_germany,climate,,sub-daily,unknown,soil,,,,Station,,1937,2020,,csv,TRUE,TRUE,https://opendata.dwd.de/climate_environment/CDC/observations_germany/climate/subdaily/soil/historical/terminwerte_EK_00001_19370101_19860630_hist.zip,,TRUE,,https://opendata.dwd.de/climate_environment/CDC/observations_germany/climate/subdaily/soil/historical/EK_Terminwerte_Beschreibung_Stationen.txt
climate_environment,cdc,observations_germany,climate,,sub-daily,collection,standard format,,,,Station,,,,,csv,TRUE,,https://opendata.dwd.de/climate_environment/CDC/observations_germany/climate/subdaily/standard_format/kl_10007_00_akt.txt,,TRUE,,https://opendata.dwd.de/climate_environment/CDC/observations_germany/climate/subdaily/standard_format/KL_Standardformate_Beschreibung_Stationen.txt
climate_environment,cdc,observations_germany,climate,,sub-daily,visibility,visibility,,,,Station,,,,,csv,TRUE,TRUE,https://opendata.dwd.de/climate_environment/CDC/observations_germany/climate/subdaily/visibility/historical/terminwerte_VK_00001_19370101_19860630_hist.zip,,TRUE,,https://opendata.dwd.de/climate_environment/CDC/observations_germany/climate/subdaily/visibility/historical/VK_Terminwerte_Beschreibung_Stationen.txt
climate_environment,cdc,observations_germany,climate,,sub-daily,wind,wind,,,,Station,,,,,csv,TRUE,TRUE,https://opendata.dwd.de/climate_environment/CDC/observations_germany/climate/subdaily/wind/historical/terminwerte_FK_00001_19370101_19860630_hist.zip,,TRUE,,https://opendata.dwd.de/climate_environment/CDC/observations_germany/climate/subdaily/wind/historical/FK_Terminwerte_Beschreibung_Stationen.txt
climate_environment,cdc,grids_germany,,,hourly,precipitation,percipitation (radolan),,sum,,"Grid, Germany",mm,2005,2020,,"asc,bin",TRUE,TRUE,https://opendata.dwd.de/climate_environment/CDC/grids_germany/hourly/radolan/historical/asc/2019/RW-201901.tar,,TRUE,,
climate_environment,cdc,grids_germany,Project_TRY,,hourly,temperature air,air temperature,,mean,,"Grid, Germany",,1995,2012,,,TRUE,TRUE,,,,,
climate_environment,cdc,grids_germany,Project_TRY,,hourly,clouds,cloud cover,,,,"Grid, Germany",,1995,2012,,,TRUE,TRUE,,,,,
climate_environment,cdc,grids_germany,Project_TRY,,hourly,dew point,dew point,,,,"Grid, Germany",,1995,2012,,,TRUE,TRUE,,,,,
climate_environment,cdc,grids_germany,Project_TRY,,hourly,moisture air,humidity,,,,"Grid, Germany",,1995,2012,,,TRUE,TRUE,,,,,
climate_environment,cdc,grids_germany,Project_TRY,,hourly,pressure,pressure,,,,"Grid, Germany",,1995,2012,,,TRUE,TRUE,,,,,
climate_environment,cdc,grids_germany,Project_TRY,,hourly,radiation,radiation direct,,,,"Grid, Germany",,1995,2012,,,TRUE,TRUE,,,,,
climate_environment,cdc,grids_germany,Project_TRY,,hourly,radiation,radiation downwelling,,,,"Grid, Germany",,1995,2012,,,TRUE,TRUE,,,,,
climate_environment,cdc,grids_germany,Project_TRY,,hourly,radiation,radiation global,,,,"Grid, Germany",,1995,2012,,,TRUE,TRUE,,,,,
climate_environment,cdc,grids_germany,Project_TRY,,hourly,radiation,radiation upwelling,,,,"Grid, Germany",,1995,2012,,,TRUE,TRUE,,,,,
climate_environment,cdc,grids_germany,Project_TRY,,hourly,pressure,vapor pressure,,,,"Grid, Germany",,1995,2012,,,TRUE,TRUE,,,,,
climate_environment,cdc,grids_germany,Project_TRY,,hourly,wind,wind direction,,,,"Grid, Germany",,1995,2012,,,TRUE,TRUE,,,,,
climate_environment,cdc,grids_germany,Project_TRY,,hourly,wind,wind speed,,,,"Grid, Germany",,1995,2012,,,TRUE,TRUE,,,,,
climate_environment,cdc,grids_germany,,,monthly,temperature air,air temperature,,max,,"Grid, Germany",,1901,2020,,asc,TRUE,TRUE,,,,,
climate_environment,cdc,grids_germany,,,monthly,temperature air,air temperature,,mean,,"Grid, Germany",,1881,2020,,asc,TRUE,TRUE,,,,,
climate_environment,cdc,grids_germany,,,monthly,temperature air,air temperature,,min,,"Grid, Germany",,1901,2020,,asc,TRUE,TRUE,,,,,
climate_environment,cdc,grids_germany,,,monthly,drought index,drought index,,,,"Grid, Germany",,1970,2020,,asc,TRUE,TRUE,,,,,
climate_environment,cdc,grids_germany,,,monthly,evaporation,evaporation p,,,,"Grid, Germany",,1991,2020,,asc,TRUE,TRUE,,,,,
climate_environment,cdc,grids_germany,,,monthly,evaporation,evaporation r,,,,"Grid, Germany",,1991,2020,,asc,TRUE,TRUE,,,,,
climate_environment,cdc,grids_germany,,,monthly,frost depth,frost depth,,,,"Grid, Germany",,2010,2020,,asc,TRUE,TRUE,,,,,
climate_environment,cdc,grids_germany,,,monthly,precipitation,precipitation,,,,"Grid, Germany",,1881,2020,,asc,TRUE,TRUE,,,,,
climate_environment,cdc,grids_germany,,,monthly,radiation,radiation diffuse,,,,"Grid, Germany",,2015,2020,,asc,TRUE,TRUE,,,,,
climate_environment,cdc,grids_germany,,,monthly,radiation,radiation direct,,,,"Grid, Germany",,2015,2020,,asc,TRUE,TRUE,,,,,
climate_environment,cdc,grids_germany,,,monthly,radiation,radiation global,,,,"Grid, Germany",,1991,2020,,asc,TRUE,TRUE,,,,,
climate_environment,cdc,grids_germany,,,monthly,unknown,regnie,,,,"Grid, Germany",,1931,2020,,asc,TRUE,TRUE,,,,,
climate_environment,cdc,grids_germany,,,monthly,moisture soil,soil moist,,,,"Grid, Germany",,1991,2020,,asc,TRUE,TRUE,,,,,
climate_environment,cdc,grids_germany,,,monthly,temperature soil,soil temperature 5cm,,,,"Grid, Germany",,1991,2020,,asc,TRUE,TRUE,,,,,
climate_environment,cdc,grids_germany,,,monthly,sunshine,sunshine duration,,,,"Grid, Germany",,1951,2020,,asc,TRUE,TRUE,,,,,
climate_environment,cdc,grids_germany,Project_TRY,,monthly,temperature air,air temperature,,mean,,"Grid, Germany",,1995,2012,,nc,TRUE,TRUE,,,,,
climate_environment,cdc,grids_germany,Project_TRY,,monthly,clouds,cloud cover,,,,"Grid, Germany",,1995,2012,,nc,TRUE,TRUE,,,,,
climate_environment,cdc,grids_germany,Project_TRY,,monthly,dew point,dew point,,,,"Grid, Germany",,1995,2012,,nc,TRUE,TRUE,,,,,
climate_environment,cdc,grids_germany,Project_TRY,,monthly,moisture air,humidity,,,,"Grid, Germany",,1995,2012,,nc,TRUE,TRUE,,,,,
climate_environment,cdc,grids_germany,Project_TRY,,monthly,pressure,pressure,,,,"Grid, Germany",,1995,2012,,nc,TRUE,TRUE,,,,,
climate_environment,cdc,grids_germany,Project_TRY,,monthly,radiation,radiation direct,,,,"Grid, Germany",,1995,2012,,nc,TRUE,TRUE,,,,,
climate_environment,cdc,grids_germany,Project_TRY,,monthly,radiation,radiation downwelling,,,,"Grid, Germany",,1995,2012,,nc,TRUE,TRUE,,,,,
climate_environment,cdc,grids_germany,Project_TRY,,monthly,radiation,radiation global,,,,"Grid, Germany",,1995,2012,,nc,TRUE,TRUE,,,,,
climate_environment,cdc,grids_germany,Project_TRY,,monthly,radiation,radiation upwelling,,,,"Grid, Germany",,1995,2012,,nc,TRUE,TRUE,,,,,
climate_environment,cdc,grids_germany,Project_TRY,,monthly,pressure,vapor pressure,,,,"Grid, Germany",,1995,2012,,nc,TRUE,TRUE,,,,,
climate_environment,cdc,grids_germany,Project_TRY,,monthly,wind,wind direction,,,,"Grid, Germany",,1995,2012,,nc,TRUE,TRUE,,,,,
climate_environment,cdc,grids_germany,Project_TRY,,monthly,wind,wind speed,,,,"Grid, Germany",,1995,2012,,nc,TRUE,TRUE,,,,,
climate_environment,cdc,grids_germany,,,multi-annual,temperature air,air temperature,,max,,"Grid, Germany",,1961,2010,,asc,TRUE,TRUE,,,,,
climate_environment,cdc,grids_germany,,,multi-annual,temperature air,air temperature,,mean,,"Grid, Germany",,1961,2010,,asc,TRUE,TRUE,,,,,
climate_environment,cdc,grids_germany,,,multi-annual,temperature air,air temperature,,min,,"Grid, Germany",,1961,2010,,asc,TRUE,TRUE,,,,,
climate_environment,cdc,grids_germany,,,multi-annual,drought index,drought index,,,,"Grid, Germany",,1961,2010,,asc,TRUE,TRUE,,,,,
climate_environment,cdc,grids_germany,,,multi-annual,erosivity,erosivity,,,,"Grid, Germany",,1961,2010,,asc,TRUE,TRUE,,,,,
climate_environment,cdc,grids_germany,,,multi-annual,evaporation,evaporation p,,,,"Grid, Germany",,1961,2010,,asc,TRUE,TRUE,,,,,
climate_environment,cdc,grids_germany,,,multi-annual,evaporation,evaporation r,,,,"Grid, Germany",,1961,2010,,asc,TRUE,TRUE,,,,,
climate_environment,cdc,grids_germany,,,multi-annual,days - frost,frost days,,,,"Grid, Germany",,1961,2010,,asc,TRUE,TRUE,,,,,
climate_environment,cdc,grids_germany,,,multi-annual,days - hot,hot days,,,,"Grid, Germany",,1961,2010,,asc,TRUE,TRUE,,,,,
climate_environment,cdc,grids_germany,,,multi-annual,days - ice,ice days,,,,"Grid, Germany",,1961,2010,,asc,TRUE,TRUE,,,,,
climate_environment,cdc,grids_germany,,,multi-annual,precipitation,precipitation - 10mm - days,,,,"Grid, Germany",,1961,2010,,asc,TRUE,TRUE,,,,,
climate_environment,cdc,grids_germany,,,multi-annual,precipitation,precipitation - 20mm - days,,,,"Grid, Germany",,1961,2010,,asc,TRUE,TRUE,,,,,
climate_environment,cdc,grids_germany,,,multi-annual,precipitation,precipitation - 30mm - days,,,,"Grid, Germany",,1961,2010,,asc,TRUE,TRUE,,,,,
climate_environment,cdc,grids_germany,,,multi-annual,precipitation,precipitation,,,,"Grid, Germany",,1961,2010,,asc,TRUE,TRUE,,,,,
climate_environment,cdc,grids_germany,,,multi-annual,radiation,radiation global,,,,"Grid, Germany",,1961,2010,,asc,TRUE,TRUE,,,,,
climate_environment,cdc,grids_germany,,,multi-annual,unknown,regnie,,,,"Grid, Germany",,1961,2010,,asc,TRUE,TRUE,,,,,
climate_environment,cdc,grids_germany,,,multi-annual,days - snowcover,snowcover days,,,,"Grid, Germany",,1961,2010,,asc,TRUE,TRUE,,,,,
climate_environment,cdc,grids_germany,,,multi-annual,moisture soil,soil moist,,,,"Grid, Germany",,1961,2010,,asc,TRUE,TRUE,,,,,
climate_environment,cdc,grids_germany,,,multi-annual,temperature soil,soil temperature 5cm,,,,"Grid, Germany",,1961,2010,,asc,TRUE,TRUE,,,,,
climate_environment,cdc,grids_germany,,,multi-annual,days - summer,summer days,,,,"Grid, Germany",,1961,2010,,asc,TRUE,TRUE,,,,,
climate_environment,cdc,grids_germany,,,multi-annual,sunshine,sunshine duration,,,,"Grid, Germany",,1961,2010,,asc,TRUE,TRUE,,,,,
climate_environment,cdc,grids_germany,,,multi-annual,vegetation,vegetation begin,,,,"Grid, Germany",,1961,2010,,asc,TRUE,TRUE,,,,,
climate_environment,cdc,grids_germany,,,multi-annual,vegetation,vegetation end,,,,"Grid, Germany",,1961,2010,,asc,TRUE,TRUE,,,,,
climate_environment,cdc,grids_germany,,,multi-annual,water balance,water balance,,,,"Grid, Germany",,1961,2010,,asc,TRUE,TRUE,,,,,
climate_environment,cdc,grids_germany,,,multi-annual,wind,wind parameters,,,,"Grid, Germany",,1961,2010,,asc,TRUE,TRUE,,,,,
climate_environment,cdc,grids_germany,,,seasonal,temperature air,air temperature,,max,,"Grid, Germany",,1901,2020,,asc,TRUE,TRUE,,,,,
climate_environment,cdc,grids_germany,,,seasonal,temperature air,air temperature,,mean,,"Grid, Germany",,1881,2020,,asc,TRUE,TRUE,,,,,
climate_environment,cdc,grids_germany,,,seasonal,temperature air,air temperature,,min,,"Grid, Germany",,1901,2020,,asc,TRUE,TRUE,,,,,
climate_environment,cdc,grids_germany,,,seasonal,drought index,drought index,,,,"Grid, Germany",,2001,2020,,asc,TRUE,TRUE,,,,,
climate_environment,cdc,grids_germany,,,seasonal,precipitation,precipitation,,,,"Grid, Germany",,1881,2020,,asc,TRUE,TRUE,,,,,
climate_environment,cdc,grids_germany,,,seasonal,sunshine,sunshine duration,,,,"Grid, Germany",,1951,2020,,asc,TRUE,TRUE,,,,,
climate_environment,cdc,grids_germany,,,annual,temperature air,air temperature,,max,,"Grid, Germany",,1901,2020,,asc,TRUE,TRUE,,,,,
climate_environment,cdc,grids_germany,,,annual,temperature air,air temperature,,mean,,"Grid, Germany",,1881,2020,,asc,TRUE,TRUE,,,,,
climate_environment,cdc,grids_germany,,,annual,temperature air,air temperature,,min,,"Grid, Germany",,1901,2020,,asc,TRUE,TRUE,,,,,
climate_environment,cdc,grids_germany,,,annual,drought index,drought index,,,,"Grid, Germany",,1995,2020,,asc,TRUE,TRUE,,,,,
climate_environment,cdc,grids_germany,,,annual,erosivity,erosivity,,,,"Grid, Germany",,2017,2017,,asc,TRUE,TRUE,,,,,
climate_environment,cdc,grids_germany,,,annual,days - frost,frost days,,,,"Grid, Germany",,1951,2019,,asc,TRUE,TRUE,,,,,
climate_environment,cdc,grids_germany,,,annual,days - hot,hot days,,,,"Grid, Germany",,1951,2019,,asc,TRUE,TRUE,,,,,
climate_environment,cdc,grids_germany,,,annual,days - ice,ice days,,,,"Grid, Germany",,1951,2019,,asc,TRUE,TRUE,,,,,
climate_environment,cdc,grids_germany,,,annual,phenology,phenology,,,,"Grid, Germany",,1992,2019,,asc,TRUE,TRUE,,,,,
climate_environment,cdc,grids_germany,,,annual,precipitation,precipitation - 10mm - days,,,,"Grid, Germany",,1951,2019,,asc,TRUE,TRUE,,,,,
climate_environment,cdc,grids_germany,,,annual,precipitation,precipitation - 20mm - days,,,,"Grid, Germany",,1951,2019,,asc,TRUE,TRUE,,,,,
climate_environment,cdc,grids_germany,,,annual,precipitation,precipitation - 30mm - days,,,,"Grid, Germany",,1951,2019,,asc,TRUE,TRUE,,,,,
climate_environment,cdc,grids_germany,,,annual,precipitation,precipitation,,,,"Grid, Germany",,1881,2019,,asc,TRUE,TRUE,,,,,
climate_environment,cdc,grids_germany,,,annual,radiation,radiation diffuse,,,,"Grid, Germany",,2016,2019,,asc,TRUE,TRUE,,,,,
climate_environment,cdc,grids_germany,,,annual,radiation,radiation direct,,,,"Grid, Germany",,2016,2019,,asc,TRUE,TRUE,,,,,
climate_environment,cdc,grids_germany,,,annual,radiation,radiation global,,,,"Grid, Germany",,1991,2019,,asc,TRUE,TRUE,,,,,
climate_environment,cdc,grids_germany,,,annual,days - snowcover,snowcover days,,,,"Grid, Germany",,1951,2019,,asc,TRUE,TRUE,,,,,
climate_environment,cdc,grids_germany,,,annual,sunshine,sunshine duration,,,,"Grid, Germany",,1951,2019,,asc,TRUE,TRUE,,,,,
climate_environment,cdc,grids_germany,,,annual,vegetation,vegetation begin,,,,"Grid, Germany",,1992,2019,,asc,TRUE,TRUE,,,,,
climate_environment,cdc,grids_germany,,,annual,vegetation,vegetation end,,,,"Grid, Germany",,1992,2019,,asc,TRUE,TRUE,,,,,
climate_environment,cdc,grids_germany,18_NDJFMA,,half-year,precipitation,precipitation,,,,"Grid, Germany",mm,1881,2020,,asc,TRUE,TRUE,,,,,
climate_environment,cdc,grids_germany,19_MJJASO,,half-year,precipitation,precipitation,,,,"Grid, Germany",mm,1881,2020,,asc,TRUE,TRUE,,,,,
climate_environment,cdc,observations_germany,radiosondes,high_resolution,30 seconds,collection,radio sensor,,,,Station,,1990,2019,,csv,TRUE,TRUE,https://opendata.dwd.de/climate_environment/CDC/observations_germany/radiosondes/high_resolution/historical/1990/sekundenwerte_aero_01303_19900107_19901231_hist.zip,,TRUE,,https://opendata.dwd.de/climate_environment/CDC/observations_germany/radiosondes/high_resolution/historical/1990/sec_aero_Beschreibung_Stationen.txt
climate_environment,cdc,observations_germany,phenology,annual_reporters,dates,vegetation,crops,,,,Station,plant and growing phase,1951,2020,,csv,TRUE,TRUE,https://opendata.dwd.de/climate_environment/CDC/observations_germany/phenology/annual_reporters/crops/historical/PH_Jahresmelder_Landwirtschaft_Kulturpflanze_Dauergruenland_1936_2018_hist.txt,,TRUE,,https://opendata.dwd.de/climate_environment/CDC/observations_germany/phenology/annual_reporters/crops/historical/PH_Beschreibung_Phaenologie_Stationen_Jahresmelder.txt
climate_environment,cdc,observations_germany,phenology,annual_reporters,dates,vegetation,farming,,,,Station,plant and growing phase,1951,1991,,csv,TRUE,TRUE,,,TRUE,,
climate_environment,cdc,observations_germany,phenology,annual_reporters,dates,vegetation,fruit,,,,Station,plant and growing phase,1951,2020,,csv,TRUE,TRUE,,,TRUE,,
climate_environment,cdc,observations_germany,phenology,annual_reporters,dates,vegetation,vine,,,,Station,plant and growing phase,1951,2020,,csv,TRUE,TRUE,,,TRUE,,
climate_environment,cdc,observations_germany,phenology,annual_reporters,dates,vegetation,wild,,,,Station,plant and growing phase,1951,2020,,csv,TRUE,TRUE,,,TRUE,,
climate_environment,cdc,observations_germany,phenology,immediate_reports,dates,vegetation,crops,,,,Station,plant and growing phase,1979,2020,,csv,TRUE,TRUE,,,TRUE,,
climate_environment,cdc,observations_germany,phenology,immediate_reports,dates,vegetation,fruit,,,,Station,plant and growing phase,1979,2020,,csv,TRUE,TRUE,,,TRUE,,
climate_environment,cdc,observations_germany,phenology,immediate_reports,dates,vegetation,vine,,,,Station,plant and growing phase,1980,2018,,csv,TRUE,TRUE,,,TRUE,,
climate_environment,cdc,observations_germany,phenology,immediate_reports,dates,vegetation,wild,,,,Station,plant and growing phase,1979,2020,,csv,TRUE,TRUE,,,TRUE,,
climate_environment,cdc,observations_germany,climate_urban,recent,hourly,temperature air,air temperature,,,,Station,collection,2015,2020,,csv,TRUE,TRUE,,,,,
climate_environment,cdc,observations_germany,climate_urban,recent,hourly,precipitation,precipitation,,,,Station,mm,2015,2020,,csv,TRUE,TRUE,,,,,
climate_environment,cdc,observations_germany,climate_urban,recent,hourly,pressure,pressure,,,,Station,hPA,2015,2020,,csv,TRUE,TRUE,,,,,
climate_environment,cdc,observations_germany,climate_urban,recent,hourly,temperature soil,soil temperature,,,,Station,°C,2015,2020,,csv,TRUE,TRUE,,,,,
climate_environment,cdc,observations_germany,climate_urban,recent,hourly,sunshine,sun,,sum,,Station,min,2015,2020,,csv,TRUE,TRUE,,,,,
climate_environment,cdc,observations_germany,climate_urban,recent,hourly,wind,wind,,,,Station,collection,2015,2020,,csv,TRUE,TRUE,,,,,
climate_environment,cdc,grids_europe,MIKLIP_DECREG,v001 or v002,daily,temperature air,air temperature,,max,,"Grid, Germany",°C,2001,2010,,nc,TRUE,TRUE,,,,,
climate_environment,cdc,grids_europe,MIKLIP_DECREG,v001 or v002,daily,temperature air,air temperature,,mean,,"Grid, Germany",°C,2001,2010,,nc,TRUE,TRUE,,,,,
climate_environment,cdc,grids_europe,MIKLIP_DECREG,v001 or v002,daily,temperature air,air temperature,,min,,"Grid, Germany",°C,2001,2010,,nc,TRUE,TRUE,,,,,
climate_environment,cdc,grids_europe,MIKLIP_DECREG,v001 or v002,daily,wind,wind,,,,"Grid, Germany",m/s,2001,2010,,nc,TRUE,TRUE,,,,,
climate_environment,cdc,grids_europe,MIKLIP_DECREG,v001 or v002,monthly,temperature air,air temperature,,max,,"Grid, Germany",°C,2001,2010,,nc,TRUE,TRUE,,,,,
climate_environment,cdc,grids_europe,MIKLIP_DECREG,v001 or v002,monthly,temperature air,air temperature,,mean,,"Grid, Germany",°C,2001,2010,,nc,TRUE,TRUE,,,,,
climate_environment,cdc,grids_europe,MIKLIP_DECREG,v001 or v002,monthly,temperature air,air temperature,,min,,"Grid, Germany",°C,2001,2010,,nc,TRUE,TRUE,,,,,
climate_environment,cdc,grids_europe,MIKLIP_DECREG,v001 or v002,monthly,clouds,cloud cover,,,,"Grid, Germany",%,2001,2010,,nc,TRUE,TRUE,,,,,
climate_environment,cdc,grids_europe,MIKLIP_DECREG,v001 or v002,monthly,wind,wind,,,,"Grid, Germany",m/s,2001,2010,,nc,TRUE,TRUE,,,,,
climate_environment,cdc,derived_germany,,,daily,collection,soil,,,,Station,collection,1991,2020,,csv,TRUE,TRUE,,,TRUE,,
climate_environment,cdc,derived_germany,,,monthly,collection,soil,,,,Station,collection,1991,2020,,csv,TRUE,TRUE,,,TRUE,,
climate_environment,cdc,derived_germany,,,multi-annual,collection,soil,,,,Station,collection,1991,2010,,csv,TRUE,TRUE,,,,,
climate_environment,cdc,derived_germany,,,daily,days - bad weather,bad weather days,,,,Station,,1996,2020,,csv,,,,,TRUE,,
climate_environment,cdc,derived_germany,,,monthly,days - bad weather,bad weather days,,,,Station,,1996,2020,,csv,,,,,TRUE,,
climate_environment,cdc,derived_germany,,,multi-annual,days - bad weather,bad weather days,,,,Station,,1996,2020,,csv,,,,,TRUE,,
climate_environment,cdc,derived_germany,,,daily,days - heating degree,heating degree days,,,,Station,,2010,2020,,csv,,,,,TRUE,,
climate_environment,cdc,derived_germany,,,monthly,days - heating degree,heating degree days,,,,Station,,2010,2020,,csv,,,,,TRUE,,
climate_environment,cdc,derived_germany,,,multi-annual,days - heating degree,heating degree days,,,,Station,,2010,2020,,csv,,,,,TRUE,,
climate_environment,misc,Project_GUAMO,,,,,,,,,"Grid, Germany",land use,2012,2012,,,TRUE,TRUE,https://opendata.dwd.de/climate_environment/misc/Project_GUAMO/,,,,
climate_environment,health,alerts,,,,bioweather,bio weather (perceived weather),,,,Region,feeling,,,TRUE,json,,TRUE,https://opendata.dwd.de/climate_environment/health/alerts/biowetter.json,,,,
climate_environment,health,alerts,,,,thermal danger,thermal danger (gt),,,,Region,danger level,,,TRUE,json,,TRUE,https://opendata.dwd.de/climate_environment/health/alerts/gt.json,,,,
climate_environment,health,alerts,,,,pollen,pollen (s31fg),,,,Region,danger level,,,TRUE,json,,TRUE,https://opendata.dwd.de/climate_environment/health/alerts/s31fg.json,,,,
climate_environment,health,alerts,,,,uv level,uv level (uvi),,,,Region,danger level,,,TRUE,json,,TRUE,https://opendata.dwd.de/climate_environment/health/alerts/uvi.json,,,,
climate_environment,health,forecasts,,,,,,,,,"Grid, Germany",,,,TRUE,bin,,TRUE,,,,,
climate_environment,REA,COSMO_REA6,,,hourly,radiation,radiation,ALWU_S: long wave upward radiation flux at surface,mean,,"Grid, Germany",W/m^2,1995,2020,,collection,TRUE,TRUE,,,,,TODO: Refine
climate_environment,REA,COSMO_REA6,,,hourly,radiation,radiation,ASOB_S: net short wave radiation flux at the surface,mean,,"Grid, Germany",W/m^2,1995,2020,,collection,TRUE,TRUE,,,,,TODO: Refine
climate_environment,REA,COSMO_REA6,,,hourly,radiation,radiation,ASWDIFD_S: short wave diffuse downward radiation flux at the surface,mean,,"Grid, Germany",W/m^2,1995,2020,,collection,TRUE,TRUE,,,,,TODO: Refine
climate_environment,REA,COSMO_REA6,,,hourly,radiation,radiation,ASWDIR_S: short wave direct radiation flux at the surface,mean,,"Grid, Germany",W/m^2,1995,2020,,collection,TRUE,TRUE,,,,,
climate_environment,REA,COSMO_REA6,,,hourly,radiation,radiation,ATHB_S: net long wave radiation flux at the surface,mean,,"Grid, Germany",W/m^2,1995,2020,,collection,TRUE,TRUE,,,,,
climate_environment,REA,COSMO_REA6,,,hourly,radiation,radiation,ATHD_S: long wave downward radiation flux at the surface,mean,,"Grid, Germany",W/m^2,1995,2020,,collection,TRUE,TRUE,,,,,
climate_environment,REA,COSMO_REA6,,,hourly,clouds,cloud cover,CLCT: total cloud cover,,,"Grid, Germany",%,1995,2020,,collection,TRUE,TRUE,,,,,
climate_environment,REA,COSMO_REA6,,,hourly,sunshine,sunshine duration,DURSUN: sunshine duration,sum,,"Grid, Germany",s,1995,2020,,collection,TRUE,TRUE,,,,,
climate_environment,REA,COSMO_REA6,,,hourly,unknown,height,H_PBL: height of the planetary boundary layer,,,"Grid, Germany",m,1995,2020,,collection,TRUE,TRUE,,,,,
climate_environment,REA,COSMO_REA6,,,hourly,radiation,radiation,LWU_S: long wave upward radiation flux at the surface,,,"Grid, Germany",W/m^2,1995,2020,,collection,TRUE,TRUE,,,,,
climate_environment,REA,COSMO_REA6,,,hourly,pressure,pressure,PMSL: pressure at mean sea level,,,"Grid, Germany",Pa,1995,2020,,collection,TRUE,TRUE,,,,,
climate_environment,REA,COSMO_REA6,,,hourly,pressure,pressure,PS: not reduced surface pressure,,,"Grid, Germany",Pa,1995,2020,,collection,TRUE,TRUE,,,,,
climate_environment,REA,COSMO_REA6,,,hourly,moisture air,humidity,QV_2M: 2m specific humidity,,,"Grid, Germany",kg/kg,1995,2020,,collection,TRUE,TRUE,,,,,
climate_environment,REA,COSMO_REA6,,,hourly,moisture air,humidity,QV_S: Specific humidity at the surface,,,"Grid, Germany",kg/kg,1995,2020,,collection,TRUE,TRUE,,,,,
climate_environment,REA,COSMO_REA6,,,hourly,precipitation,precipitation,RAIN_CON: convective rain,sum,,"Grid, Germany",kg/m^2,1995,2020,,collection,TRUE,TRUE,,,,,
climate_environment,REA,COSMO_REA6,,,hourly,precipitation,precipitation,RAIN_GSP: stratiform rain,sum,,"Grid, Germany",kg/m^2,1995,2020,,collection,TRUE,TRUE,,,,,
climate_environment,REA,COSMO_REA6,,,hourly,runoff,runoff,RUNOFF_G: ground runoff,sum,,"Grid, Germany",kg/m^2,1995,2020,,collection,TRUE,TRUE,,,,,
climate_environment,REA,COSMO_REA6,,,hourly,runoff,runoff,RUNOFF_S: surface runoff,sum,,"Grid, Germany",kg/m^2,1995,2020,,collection,TRUE,TRUE,,,,,
climate_environment,REA,COSMO_REA6,,,hourly,moisture air,humidity,RELHUM_2M: 2m relative humidity,,,"Grid, Germany",%,1995,2020,,collection,TRUE,TRUE,,,,,
climate_environment,REA,COSMO_REA6,,,hourly,snow,snow,SNOW_CON: convective snow,sum,,"Grid, Germany",kg/m^2,1995,2020,,collection,TRUE,TRUE,,,,,
climate_environment,REA,COSMO_REA6,,,hourly,snow,snow,SNOW_GSP: stratiform snow,sum,,"Grid, Germany",kg/m^2,1995,2020,,collection,TRUE,TRUE,,,,,
climate_environment,REA,COSMO_REA6,,,hourly,radiation,radiation,SOBS_RAD: net short wave radiation flux at the surface,,,"Grid, Germany",W/m^2,1995,2020,,collection,TRUE,TRUE,,,,,
climate_environment,REA,COSMO_REA6,,,hourly,radiation,radiation,SWDIFDS_RAD: short wave diffuse downward radiation flux at the surface,,,"Grid, Germany",W/m^2,1995,2020,,collection,TRUE,TRUE,,,,,
climate_environment,REA,COSMO_REA6,,,hourly,radiation,radiation,SWDIRS_RAD: short wave direct radiation flux at the surface,,,"Grid, Germany",W/m^2,1995,2020,,collection,TRUE,TRUE,,,,,
climate_environment,REA,COSMO_REA6,,,hourly,radiation,radiation,THBS_RAD: net long wave radiation flux at the surface,,,"Grid, Germany",W/m^2,1995,2020,,collection,TRUE,TRUE,,,,,
climate_environment,REA,COSMO_REA6,,,hourly,radiation,radiation,THDS_RAD: downward long wave radiation flux at the surface,,,"Grid, Germany",W/m^2,1995,2020,,collection,TRUE,TRUE,,,,,
climate_environment,REA,COSMO_REA6,,,hourly,temperature air,air temperature,TMAX_2M: 2m maximum temperature,time interval,,"Grid, Germany",K,1995,2020,,collection,TRUE,TRUE,,,,,
climate_environment,REA,COSMO_REA6,,,hourly,temperature air,air temperature,TMIN_2M: 2m minimum temperature,"min, time interval",,"Grid, Germany",K,1995,2020,,collection,TRUE,TRUE,,,,,
climate_environment,REA,COSMO_REA6,,,hourly,precipitation,precipitation,TOT_PRECIP: total precipitation,sum,,"Grid, Germany",kg/m^2,1995,2020,,collection,TRUE,TRUE,,,,,
climate_environment,REA,COSMO_REA6,,,hourly,evaporation,vapour,TQV: vertical integrated water vapour,,,"Grid, Germany",kg/m^2,1995,2020,,collection,TRUE,TRUE,,,,,
climate_environment,REA,COSMO_REA6,,,hourly,temperature air,air temperature,T_2M: 2m temperature,,,"Grid, Germany",K,1995,2020,,collection,TRUE,TRUE,,,,,
climate_environment,REA,COSMO_REA6,,,hourly,temperature air,soil temperature,T_SOIL: soil temperature,,,"Grid, Germany",K,1995,2020,,collection,TRUE,TRUE,,,,,
climate_environment,REA,COSMO_REA6,,,hourly,wind,wind speed,U_10M: 10m zonal wind speed,,,"Grid, Germany",m/s,1995,2020,,collection,TRUE,TRUE,,,,,
climate_environment,REA,COSMO_REA6,,,hourly,wind,wind speed,VMAX_10M: 10m maximum wind speed,time interval,,"Grid, Germany",m/s,1995,2020,,collection,TRUE,TRUE,,,,,
climate_environment,REA,COSMO_REA6,,,hourly,wind,wind speed,V_10M: 10m meridional wind speed,,,"Grid, Germany",m/s,1995,2020,,collection,TRUE,TRUE,,,,,
climate_environment,REA,COSMO_REA6,,,hourly,wind,wind direction,WD_040: 40m wind direction,,,"Grid, Germany",m/s,1995,2020,,collection,TRUE,TRUE,,,,,
climate_environment,REA,COSMO_REA6,,,hourly,wind,wind direction,WD_060: 60m wind direction,,,"Grid, Germany",m/s,1995,2020,,collection,TRUE,TRUE,,,,,
climate_environment,REA,COSMO_REA6,,,hourly,wind,wind direction,WD_080: 80m wind direction,,,"Grid, Germany",m/s,1995,2020,,collection,TRUE,TRUE,,,,,
climate_environment,REA,COSMO_REA6,,,hourly,wind,wind direction,WD_100: 100m wind direction,,,"Grid, Germany",m/s,1995,2020,,collection,TRUE,TRUE,,,,,
climate_environment,REA,COSMO_REA6,,,hourly,wind,wind direction,WD_125: 125m wind direction,,,"Grid, Germany",m/s,1995,2020,,collection,TRUE,TRUE,,,,,
climate_environment,REA,COSMO_REA6,,,hourly,wind,wind direction,WD_150: 150m wind direction,,,"Grid, Germany",m/s,1995,2020,,collection,TRUE,TRUE,,,,,
climate_environment,REA,COSMO_REA6,,,hourly,wind,wind direction,WD_175: 175m wind direction,,,"Grid, Germany",m/s,1995,2020,,collection,TRUE,TRUE,,,,,
climate_environment,REA,COSMO_REA6,,,hourly,wind,wind direction,WD_200: 200m wind direction,,,"Grid, Germany",m/s,1995,2020,,collection,TRUE,TRUE,,,,,
climate_environment,REA,COSMO_REA6,,,hourly,wind,wind speed,WS_010: 10m wind speed,,,"Grid, Germany",m/s,1995,2020,,collection,TRUE,TRUE,,,,,
climate_environment,REA,COSMO_REA6,,,hourly,wind,wind speed,WS_040: 40m wind speed,,,"Grid, Germany",m/s,1995,2020,,collection,TRUE,TRUE,,,,,
climate_environment,REA,COSMO_REA6,,,hourly,wind,wind speed,WS_060: 60m wind speed,,,"Grid, Germany",m/s,1995,2020,,collection,TRUE,TRUE,,,,,
climate_environment,REA,COSMO_REA6,,,hourly,wind,wind speed,WS_080: 80m wind speed,,,"Grid, Germany",m/s,1995,2020,,collection,TRUE,TRUE,,,,,
climate_environment,REA,COSMO_REA6,,,hourly,wind,wind speed,WS_100: 100m wind speed,,,"Grid, Germany",m/s,1995,2020,,collection,TRUE,TRUE,,,,,
climate_environment,REA,COSMO_REA6,,,hourly,wind,wind speed,WS_125: 125m wind speed,,,"Grid, Germany",m/s,1995,2020,,collection,TRUE,TRUE,,,,,
climate_environment,REA,COSMO_REA6,,,hourly,wind,wind speed,WS_150: 150m wind speed,,,"Grid, Germany",m/s,1995,2020,,collection,TRUE,TRUE,,,,,
climate_environment,REA,COSMO_REA6,,,hourly,wind,wind speed,WS_175: 175m wind speed,,,"Grid, Germany",m/s,1995,2020,,collection,TRUE,TRUE,,,,,
climate_environment,REA,COSMO_REA6,,,hourly,wind,wind speed,WS_200: 200m wind speed,,,"Grid, Germany",m/s,1995,2020,,collection,TRUE,TRUE,,,,,
climate_environment,REA,COSMO_REA6,,,daily,radiation,radiation,ALWU_S: long wave upward radiation flux at surface,mean,,"Grid, Germany",W/m^2,1995,2020,,collection,TRUE,TRUE,,,,,TODO: Refine
climate_environment,REA,COSMO_REA6,,,daily,radiation,radiation,ASOB_S: net short wave radiation flux at the surface,mean,,"Grid, Germany",W/m^2,1995,2020,,collection,TRUE,TRUE,,,,,TODO: Refine
climate_environment,REA,COSMO_REA6,,,daily,radiation,radiation,ASWDIFD_S: short wave diffuse downward radiation flux at the surface,mean,,"Grid, Germany",W/m^2,1995,2020,,collection,TRUE,TRUE,,,,,TODO: Refine
climate_environment,REA,COSMO_REA6,,,daily,radiation,radiation,ASWDIR_S: short wave direct radiation flux at the surface,mean,,"Grid, Germany",W/m^2,1995,2020,,collection,TRUE,TRUE,,,,,
climate_environment,REA,COSMO_REA6,,,daily,radiation,radiation,ATHB_S: net long wave radiation flux at the surface,mean,,"Grid, Germany",W/m^2,1995,2020,,collection,TRUE,TRUE,,,,,
climate_environment,REA,COSMO_REA6,,,daily,radiation,radiation,ATHD_S: long wave downward radiation flux at the surface,mean,,"Grid, Germany",W/m^2,1995,2020,,collection,TRUE,TRUE,,,,,
climate_environment,REA,COSMO_REA6,,,daily,clouds,cloud cover,CLCT: total cloud cover,,,"Grid, Germany",%,1995,2020,,collection,TRUE,TRUE,,,,,
climate_environment,REA,COSMO_REA6,,,daily,sunshine,sunshine duration,DURSUN: sunshine duration,sum,,"Grid, Germany",s,1995,2020,,collection,TRUE,TRUE,,,,,
climate_environment,REA,COSMO_REA6,,,daily,unknown,height,H_PBL: height of the planetary boundary layer,,,"Grid, Germany",m,1995,2020,,collection,TRUE,TRUE,,,,,
climate_environment,REA,COSMO_REA6,,,daily,radiation,radiation,LWU_S: long wave upward radiation flux at the surface,,,"Grid, Germany",W/m^2,1995,2020,,collection,TRUE,TRUE,,,,,
climate_environment,REA,COSMO_REA6,,,daily,pressure,pressure,PMSL: pressure at mean sea level,,,"Grid, Germany",Pa,1995,2020,,collection,TRUE,TRUE,,,,,
climate_environment,REA,COSMO_REA6,,,daily,pressure,pressure,PS: not reduced surface pressure,,,"Grid, Germany",Pa,1995,2020,,collection,TRUE,TRUE,,,,,
climate_environment,REA,COSMO_REA6,,,daily,moisture air,humidity,QV_2M: 2m specific humidity,,,"Grid, Germany",kg/kg,1995,2020,,collection,TRUE,TRUE,,,,,
climate_environment,REA,COSMO_REA6,,,daily,moisture air,humidity,QV_S: Specific humidity at the surface,,,"Grid, Germany",kg/kg,1995,2020,,collection,TRUE,TRUE,,,,,
climate_environment,REA,COSMO_REA6,,,daily,precipitation,precipitation,RAIN_CON: convective rain,sum,,"Grid, Germany",kg/m^2,1995,2020,,collection,TRUE,TRUE,,,,,
climate_environment,REA,COSMO_REA6,,,daily,precipitation,precipitation,RAIN_GSP: stratiform rain,sum,,"Grid, Germany",kg/m^2,1995,2020,,collection,TRUE,TRUE,,,,,
climate_environment,REA,COSMO_REA6,,,daily,runoff,runoff,RUNOFF_G: ground runoff,sum,,"Grid, Germany",kg/m^2,1995,2020,,collection,TRUE,TRUE,,,,,
climate_environment,REA,COSMO_REA6,,,daily,runoff,runoff,RUNOFF_S: surface runoff,sum,,"Grid, Germany",kg/m^2,1995,2020,,collection,TRUE,TRUE,,,,,
climate_environment,REA,COSMO_REA6,,,daily,moisture air,humidity,RELHUM_2M: 2m relative humidity,,,"Grid, Germany",%,1995,2020,,collection,TRUE,TRUE,,,,,
climate_environment,REA,COSMO_REA6,,,daily,snow,snow,SNOW_CON: convective snow,sum,,"Grid, Germany",kg/m^2,1995,2020,,collection,TRUE,TRUE,,,,,
climate_environment,REA,COSMO_REA6,,,daily,snow,snow,SNOW_GSP: stratiform snow,sum,,"Grid, Germany",kg/m^2,1995,2020,,collection,TRUE,TRUE,,,,,
climate_environment,REA,COSMO_REA6,,,daily,radiation,radiation,SOBS_RAD: net short wave radiation flux at the surface,,,"Grid, Germany",W/m^2,1995,2020,,collection,TRUE,TRUE,,,,,
climate_environment,REA,COSMO_REA6,,,daily,radiation,radiation,SWDIFDS_RAD: short wave diffuse downward radiation flux at the surface,,,"Grid, Germany",W/m^2,1995,2020,,collection,TRUE,TRUE,,,,,
climate_environment,REA,COSMO_REA6,,,daily,radiation,radiation,SWDIRS_RAD: short wave direct radiation flux at the surface,,,"Grid, Germany",W/m^2,1995,2020,,collection,TRUE,TRUE,,,,,
climate_environment,REA,COSMO_REA6,,,daily,radiation,radiation,THBS_RAD: net long wave radiation flux at the surface,,,"Grid, Germany",W/m^2,1995,2020,,collection,TRUE,TRUE,,,,,
climate_environment,REA,COSMO_REA6,,,daily,radiation,radiation,THDS_RAD: downward long wave radiation flux at the surface,,,"Grid, Germany",W/m^2,1995,2020,,collection,TRUE,TRUE,,,,,
climate_environment,REA,COSMO_REA6,,,daily,temperature air,air temperature,TMAX_2M: 2m maximum temperature,time interval,,"Grid, Germany",K,1995,2020,,collection,TRUE,TRUE,,,,,
climate_environment,REA,COSMO_REA6,,,daily,temperature air,air temperature,TMIN_2M: 2m minimum temperature,"min, time interval",,"Grid, Germany",K,1995,2020,,collection,TRUE,TRUE,,,,,
climate_environment,REA,COSMO_REA6,,,daily,precipitation,precipitation,TOT_PRECIP: total precipitation,sum,,"Grid, Germany",kg/m^2,1995,2020,,collection,TRUE,TRUE,,,,,
climate_environment,REA,COSMO_REA6,,,daily,evaporation,vapour,TQV: vertical integrated water vapour,,,"Grid, Germany",kg/m^2,1995,2020,,collection,TRUE,TRUE,,,,,
climate_environment,REA,COSMO_REA6,,,daily,temperature air,air temperature,T_2M: 2m temperature,,,"Grid, Germany",K,1995,2020,,collection,TRUE,TRUE,,,,,
climate_environment,REA,COSMO_REA6,,,daily,temperature air,soil temperature,T_SOIL: soil temperature,,,"Grid, Germany",K,1995,2020,,collection,TRUE,TRUE,,,,,
climate_environment,REA,COSMO_REA6,,,daily,wind,wind speed,U_10M: 10m zonal wind speed,,,"Grid, Germany",m/s,1995,2020,,collection,TRUE,TRUE,,,,,
climate_environment,REA,COSMO_REA6,,,daily,wind,wind speed,VMAX_10M: 10m maximum wind speed,time interval,,"Grid, Germany",m/s,1995,2020,,collection,TRUE,TRUE,,,,,
climate_environment,REA,COSMO_REA6,,,daily,wind,wind speed,V_10M: 10m meridional wind speed,,,"Grid, Germany",m/s,1995,2020,,collection,TRUE,TRUE,,,,,
climate_environment,REA,COSMO_REA6,,,daily,wind,wind direction,WD_040: 40m wind direction,,,"Grid, Germany",m/s,1995,2020,,collection,TRUE,TRUE,,,,,
climate_environment,REA,COSMO_REA6,,,daily,wind,wind direction,WD_060: 60m wind direction,,,"Grid, Germany",m/s,1995,2020,,collection,TRUE,TRUE,,,,,
climate_environment,REA,COSMO_REA6,,,daily,wind,wind direction,WD_080: 80m wind direction,,,"Grid, Germany",m/s,1995,2020,,collection,TRUE,TRUE,,,,,
climate_environment,REA,COSMO_REA6,,,daily,wind,wind direction,WD_100: 100m wind direction,,,"Grid, Germany",m/s,1995,2020,,collection,TRUE,TRUE,,,,,
climate_environment,REA,COSMO_REA6,,,daily,wind,wind direction,WD_125: 125m wind direction,,,"Grid, Germany",m/s,1995,2020,,collection,TRUE,TRUE,,,,,
climate_environment,REA,COSMO_REA6,,,daily,wind,wind direction,WD_150: 150m wind direction,,,"Grid, Germany",m/s,1995,2020,,collection,TRUE,TRUE,,,,,
climate_environment,REA,COSMO_REA6,,,daily,wind,wind direction,WD_175: 175m wind direction,,,"Grid, Germany",m/s,1995,2020,,collection,TRUE,TRUE,,,,,
climate_environment,REA,COSMO_REA6,,,daily,wind,wind direction,WD_200: 200m wind direction,,,"Grid, Germany",m/s,1995,2020,,collection,TRUE,TRUE,,,,,
climate_environment,REA,COSMO_REA6,,,daily,wind,wind speed,WS_010: 10m wind speed,,,"Grid, Germany",m/s,1995,2020,,collection,TRUE,TRUE,,,,,
climate_environment,REA,COSMO_REA6,,,daily,wind,wind speed,WS_040: 40m wind speed,,,"Grid, Germany",m/s,1995,2020,,collection,TRUE,TRUE,,,,,
climate_environment,REA,COSMO_REA6,,,daily,wind,wind speed,WS_060: 60m wind speed,,,"Grid, Germany",m/s,1995,2020,,collection,TRUE,TRUE,,,,,
climate_environment,REA,COSMO_REA6,,,daily,wind,wind speed,WS_080: 80m wind speed,,,"Grid, Germany",m/s,1995,2020,,collection,TRUE,TRUE,,,,,
climate_environment,REA,COSMO_REA6,,,daily,wind,wind speed,WS_100: 100m wind speed,,,"Grid, Germany",m/s,1995,2020,,collection,TRUE,TRUE,,,,,
climate_environment,REA,COSMO_REA6,,,daily,wind,wind speed,WS_125: 125m wind speed,,,"Grid, Germany",m/s,1995,2020,,collection,TRUE,TRUE,,,,,
climate_environment,REA,COSMO_REA6,,,daily,wind,wind speed,WS_150: 150m wind speed,,,"Grid, Germany",m/s,1995,2020,,collection,TRUE,TRUE,,,,,
climate_environment,REA,COSMO_REA6,,,daily,wind,wind speed,WS_175: 175m wind speed,,,"Grid, Germany",m/s,1995,2020,,collection,TRUE,TRUE,,,,,
climate_environment,REA,COSMO_REA6,,,daily,wind,wind speed,WS_200: 200m wind speed,,,"Grid, Germany",m/s,1995,2020,,collection,TRUE,TRUE,,,,,
climate_environment,REA,COSMO_REA6,,,monthly,radiation,radiation,ALWU_S: long wave upward radiation flux at surface,mean,,"Grid, Germany",W/m^2,1995,2020,,collection,TRUE,TRUE,,,,,TODO: Refine
climate_environment,REA,COSMO_REA6,,,monthly,radiation,radiation,ASOB_S: net short wave radiation flux at the surface,mean,,"Grid, Germany",W/m^2,1995,2020,,collection,TRUE,TRUE,,,,,TODO: Refine
climate_environment,REA,COSMO_REA6,,,monthly,radiation,radiation,ASWDIFD_S: short wave diffuse downward radiation flux at the surface,mean,,"Grid, Germany",W/m^2,1995,2020,,collection,TRUE,TRUE,,,,,TODO: Refine
climate_environment,REA,COSMO_REA6,,,monthly,radiation,radiation,ASWDIR_S: short wave direct radiation flux at the surface,mean,,"Grid, Germany",W/m^2,1995,2020,,collection,TRUE,TRUE,,,,,
climate_environment,REA,COSMO_REA6,,,monthly,radiation,radiation,ATHB_S: net long wave radiation flux at the surface,mean,,"Grid, Germany",W/m^2,1995,2020,,collection,TRUE,TRUE,,,,,
climate_environment,REA,COSMO_REA6,,,monthly,radiation,radiation,ATHD_S: long wave downward radiation flux at the surface,mean,,"Grid, Germany",W/m^2,1995,2020,,collection,TRUE,TRUE,,,,,
climate_environment,REA,COSMO_REA6,,,monthly,clouds,cloud cover,CLCT: total cloud cover,,,"Grid, Germany",%,1995,2020,,collection,TRUE,TRUE,,,,,
climate_environment,REA,COSMO_REA6,,,monthly,sunshine,sunshine duration,DURSUN: sunshine duration,sum,,"Grid, Germany",s,1995,2020,,collection,TRUE,TRUE,,,,,
climate_environment,REA,COSMO_REA6,,,monthly,unknown,height,H_PBL: height of the planetary boundary layer,,,"Grid, Germany",m,1995,2020,,collection,TRUE,TRUE,,,,,
climate_environment,REA,COSMO_REA6,,,monthly,radiation,radiation,LWU_S: long wave upward radiation flux at the surface,,,"Grid, Germany",W/m^2,1995,2020,,collection,TRUE,TRUE,,,,,
climate_environment,REA,COSMO_REA6,,,monthly,pressure,pressure,PMSL: pressure at mean sea level,,,"Grid, Germany",Pa,1995,2020,,collection,TRUE,TRUE,,,,,
climate_environment,REA,COSMO_REA6,,,monthly,pressure,pressure,PS: not reduced surface pressure,,,"Grid, Germany",Pa,1995,2020,,collection,TRUE,TRUE,,,,,
climate_environment,REA,COSMO_REA6,,,monthly,moisture air,humidity,QV_2M: 2m specific humidity,,,"Grid, Germany",kg/kg,1995,2020,,collection,TRUE,TRUE,,,,,
climate_environment,REA,COSMO_REA6,,,monthly,moisture air,humidity,QV_S: Specific humidity at the surface,,,"Grid, Germany",kg/kg,1995,2020,,collection,TRUE,TRUE,,,,,
climate_environment,REA,COSMO_REA6,,,monthly,precipitation,precipitation,RAIN_CON: convective rain,sum,,"Grid, Germany",kg/m^2,1995,2020,,collection,TRUE,TRUE,,,,,
climate_environment,REA,COSMO_REA6,,,monthly,precipitation,precipitation,RAIN_GSP: stratiform rain,sum,,"Grid, Germany",kg/m^2,1995,2020,,collection,TRUE,TRUE,,,,,
climate_environment,REA,COSMO_REA6,,,monthly,runoff,runoff,RUNOFF_G: ground runoff,sum,,"Grid, Germany",kg/m^2,1995,2020,,collection,TRUE,TRUE,,,,,
climate_environment,REA,COSMO_REA6,,,monthly,runoff,runoff,RUNOFF_S: surface runoff,sum,,"Grid, Germany",kg/m^2,1995,2020,,collection,TRUE,TRUE,,,,,
climate_environment,REA,COSMO_REA6,,,monthly,moisture air,humidity,RELHUM_2M: 2m relative humidity,,,"Grid, Germany",%,1995,2020,,collection,TRUE,TRUE,,,,,
climate_environment,REA,COSMO_REA6,,,monthly,snow,snow,SNOW_CON: convective snow,sum,,"Grid, Germany",kg/m^2,1995,2020,,collection,TRUE,TRUE,,,,,
climate_environment,REA,COSMO_REA6,,,monthly,snow,snow,SNOW_GSP: stratiform snow,sum,,"Grid, Germany",kg/m^2,1995,2020,,collection,TRUE,TRUE,,,,,
climate_environment,REA,COSMO_REA6,,,monthly,radiation,radiation,SOBS_RAD: net short wave radiation flux at the surface,,,"Grid, Germany",W/m^2,1995,2020,,collection,TRUE,TRUE,,,,,
climate_environment,REA,COSMO_REA6,,,monthly,radiation,radiation,SWDIFDS_RAD: short wave diffuse downward radiation flux at the surface,,,"Grid, Germany",W/m^2,1995,2020,,collection,TRUE,TRUE,,,,,
climate_environment,REA,COSMO_REA6,,,monthly,radiation,radiation,SWDIRS_RAD: short wave direct radiation flux at the surface,,,"Grid, Germany",W/m^2,1995,2020,,collection,TRUE,TRUE,,,,,
climate_environment,REA,COSMO_REA6,,,monthly,radiation,radiation,THBS_RAD: net long wave radiation flux at the surface,,,"Grid, Germany",W/m^2,1995,2020,,collection,TRUE,TRUE,,,,,
climate_environment,REA,COSMO_REA6,,,monthly,radiation,radiation,THDS_RAD: downward long wave radiation flux at the surface,,,"Grid, Germany",W/m^2,1995,2020,,collection,TRUE,TRUE,,,,,
climate_environment,REA,COSMO_REA6,,,monthly,temperature air,air temperature,TMAX_2M: 2m maximum temperature,time interval,,"Grid, Germany",K,1995,2020,,collection,TRUE,TRUE,,,,,
climate_environment,REA,COSMO_REA6,,,monthly,temperature air,air temperature,TMIN_2M: 2m minimum temperature,"min, time interval",,"Grid, Germany",K,1995,2020,,collection,TRUE,TRUE,,,,,
climate_environment,REA,COSMO_REA6,,,monthly,precipitation,precipitation,TOT_PRECIP: total precipitation,sum,,"Grid, Germany",kg/m^2,1995,2020,,collection,TRUE,TRUE,,,,,
climate_environment,REA,COSMO_REA6,,,monthly,evaporation,vapour,TQV: vertical integrated water vapour,,,"Grid, Germany",kg/m^2,1995,2020,,collection,TRUE,TRUE,,,,,
climate_environment,REA,COSMO_REA6,,,monthly,temperature air,air temperature,T_2M: 2m temperature,,,"Grid, Germany",K,1995,2020,,collection,TRUE,TRUE,,,,,
climate_environment,REA,COSMO_REA6,,,monthly,temperature air,soil temperature,T_SOIL: soil temperature,,,"Grid, Germany",K,1995,2020,,collection,TRUE,TRUE,,,,,
climate_environment,REA,COSMO_REA6,,,monthly,wind,wind speed,U_10M: 10m zonal wind speed,,,"Grid, Germany",m/s,1995,2020,,collection,TRUE,TRUE,,,,,
climate_environment,REA,COSMO_REA6,,,monthly,wind,wind speed,VMAX_10M: 10m maximum wind speed,time interval,,"Grid, Germany",m/s,1995,2020,,collection,TRUE,TRUE,,,,,
climate_environment,REA,COSMO_REA6,,,monthly,wind,wind speed,V_10M: 10m meridional wind speed,,,"Grid, Germany",m/s,1995,2020,,collection,TRUE,TRUE,,,,,
climate_environment,REA,COSMO_REA6,,,monthly,wind,wind direction,WD_040: 40m wind direction,,,"Grid, Germany",m/s,1995,2020,,collection,TRUE,TRUE,,,,,
climate_environment,REA,COSMO_REA6,,,monthly,wind,wind direction,WD_060: 60m wind direction,,,"Grid, Germany",m/s,1995,2020,,collection,TRUE,TRUE,,,,,
climate_environment,REA,COSMO_REA6,,,monthly,wind,wind direction,WD_080: 80m wind direction,,,"Grid, Germany",m/s,1995,2020,,collection,TRUE,TRUE,,,,,
climate_environment,REA,COSMO_REA6,,,monthly,wind,wind direction,WD_100: 100m wind direction,,,"Grid, Germany",m/s,1995,2020,,collection,TRUE,TRUE,,,,,
climate_environment,REA,COSMO_REA6,,,monthly,wind,wind direction,WD_125: 125m wind direction,,,"Grid, Germany",m/s,1995,2020,,collection,TRUE,TRUE,,,,,
climate_environment,REA,COSMO_REA6,,,monthly,wind,wind direction,WD_150: 150m wind direction,,,"Grid, Germany",m/s,1995,2020,,collection,TRUE,TRUE,,,,,
climate_environment,REA,COSMO_REA6,,,monthly,wind,wind direction,WD_175: 175m wind direction,,,"Grid, Germany",m/s,1995,2020,,collection,TRUE,TRUE,,,,,
climate_environment,REA,COSMO_REA6,,,monthly,wind,wind direction,WD_200: 200m wind direction,,,"Grid, Germany",m/s,1995,2020,,collection,TRUE,TRUE,,,,,
climate_environment,REA,COSMO_REA6,,,monthly,wind,wind speed,WS_010: 10m wind speed,,,"Grid, Germany",m/s,1995,2020,,collection,TRUE,TRUE,,,,,
climate_environment,REA,COSMO_REA6,,,monthly,wind,wind speed,WS_040: 40m wind speed,,,"Grid, Germany",m/s,1995,2020,,collection,TRUE,TRUE,,,,,
climate_environment,REA,COSMO_REA6,,,monthly,wind,wind speed,WS_060: 60m wind speed,,,"Grid, Germany",m/s,1995,2020,,collection,TRUE,TRUE,,,,,
climate_environment,REA,COSMO_REA6,,,monthly,wind,wind speed,WS_080: 80m wind speed,,,"Grid, Germany",m/s,1995,2020,,collection,TRUE,TRUE,,,,,
climate_environment,REA,COSMO_REA6,,,monthly,wind,wind speed,WS_100: 100m wind speed,,,"Grid, Germany",m/s,1995,2020,,collection,TRUE,TRUE,,,,,
climate_environment,REA,COSMO_REA6,,,monthly,wind,wind speed,WS_125: 125m wind speed,,,"Grid, Germany",m/s,1995,2020,,collection,TRUE,TRUE,,,,,
climate_environment,REA,COSMO_REA6,,,monthly,wind,wind speed,WS_150: 150m wind speed,,,"Grid, Germany",m/s,1995,2020,,collection,TRUE,TRUE,,,,,
climate_environment,REA,COSMO_REA6,,,monthly,wind,wind speed,WS_175: 175m wind speed,,,"Grid, Germany",m/s,1995,2020,,collection,TRUE,TRUE,,,,,
climate_environment,REA,COSMO_REA6,,,monthly,wind,wind speed,WS_200: 200m wind speed,,,"Grid, Germany",m/s,1995,2020,,collection,TRUE,TRUE,,,,,
weather,wmc,,,,daily,collection,collection,,,,"Grid, Germany",,last 3 days,,,grib,,TRUE,,,,,
weather,radiation,sid,,,15-minutes,radiation,radiation,,,,"Grid, Germany",,last 2 days,,,nc,,TRUE,,,,,
weather,mos,MOSMIX_S/MOSMIX_L,,,hourly,collection,collection,,,,Station,,last 3 days,,,kml,TRUE,TRUE,,,,,
weather,radar,,,,,,,,,,,,,,,,,,,,,,
,nwp,icon,"evaporation,vegetation,snow,moisture air/soil,clouds,precipitation,temperature soil/air,wind,radiation,",,,,,,,,,,,,,,,,,,,,
,,icon-eu,,,,,,,,,,,,,,,,,,,,,
,,cosmo-d2,"snow, precipitation, moisture soil, temperature soil/air, pressure, wind, ozon, vegetation, radiation",,,,,,,,,,,,,,,,,,,,
,,comso-d2-eps,,,,,,,,,,,,,,,,,,,,,
,satellite,,radiation,,,,,,,,,,,,,,,,,,,,
,,,,,,,,,,,,,,,,,,,,,,,
,radar,precipitation,,,,,,,,,,,,,,,,,,,,,
,,snow,,,,,,,,,,,,,,,,,,,,,
,,moisture air,,,,,,,,,,,,,,,,,,,,,